date,close,company,dayofweek,month,day,close_lag1,close_lag7,close_ma5,close_ma20
2020-01-20,107.05667248678024,habl,0,1,20,105.65648178917886,126.32702993897902,110.36080489451919,114.93614767311644
2020-01-21,112.51103349838628,habl,1,1,21,107.05667248678024,121.22481038331271,109.0022561104709,115.5077998771698
2020-01-22,111.36996086169812,habl,2,1,22,112.51103349838628,121.8165964489136,108.87378138074196,116.07007801949666
2020-01-23,105.05314800395088,habl,3,1,23,111.36996086169812,119.30377741862776,108.32945932799888,115.99430648110494
2020-01-24,106.02110121825326,habl,4,1,24,105.05314800395088,112.0123345103428,108.40238321381375,115.73926629600624
2020-01-25,100.78181191272472,habl,5,1,25,106.02110121825326,107.77475826766634,107.14741109900265,115.12339102360048
2020-01-26,99.85972390833192,habl,6,1,26,100.78181191272472,105.65648178917886,104.61714918099179,114.54881829664801
2020-01-27,100.59085570426096,habl,0,1,27,99.85972390833192,107.05667248678024,102.46132814950434,114.049423575983
2020-01-28,108.12441348041185,habl,1,1,28,100.59085570426096,112.51103349838628,103.07558124479654,113.46786467774261
2020-01-29,106.74362273330097,habl,2,1,29,108.12441348041185,111.36996086169812,103.2200855478061,112.72545471300255
2020-01-30,108.94354087157696,habl,3,1,30,106.74362273330097,105.05314800395088,104.85243133957654,112.05495117787545
2020-01-31,107.66838195745268,habl,4,1,31,108.94354087157696,106.02110121825326,106.41416294940068,110.96286119718211
2020-02-01,98.17189034265093,habl,5,2,1,107.66838195745268,100.78181191272472,105.93036987707868,109.35059728684004
2020-02-02,99.72906642072932,habl,6,2,2,98.17189034265093,99.85972390833192,104.25130046514218,108.02069911092755
2020-02-03,101.80896161855756,habl,0,2,3,99.72906642072932,100.59085570426096,103.2643682421935,107.0499066726898
2020-02-04,93.78461626375822,habl,1,2,4,101.80896161855756,108.12441348041185,100.23258332062974,105.64830766343202
2020-02-05,92.85869120738867,habl,2,2,5,93.78461626375822,106.74362273330097,97.27064517061694,104.32605335287008
2020-02-06,92.42039712656648,habl,3,2,6,92.85869120738867,108.94354087157696,96.12034652740006,103.34645648368128
2020-02-07,90.56363196292124,habl,4,2,7,92.42039712656648,107.66838195745268,94.28725963583844,102.485900168444
2020-02-08,85.41361514686588,habl,5,2,8,90.56363196292124,98.17189034265093,91.0081903415001,101.47375683632836
2020-02-09,88.02461755875652,habl,6,2,9,85.41361514686588,99.72906642072932,89.85619060049976,100.52215408992717
2020-02-10,88.70342401593628,habl,0,2,10,88.02461755875652,101.80896161855756,89.02513716220928,99.33177361580468
2020-02-11,89.49476811487853,habl,1,2,11,88.70342401593628,93.78461626375822,88.44001135987169,98.23801397846368
2020-02-12,86.1723162562004,habl,2,2,12,89.49476811487853,92.85869120738867,87.56174821852753,97.29397239107617
2020-02-13,90.0348413951481,habl,3,2,13,86.1723162562004,92.42039712656648,88.48599346818396,96.4946593999209
2020-02-14,90.118529655765,habl,4,2,14,90.0348413951481,90.56363196292124,88.90477588758566,95.96149528707292
2020-02-15,86.10403235720106,habl,5,2,15,90.118529655765,85.41361514686588,88.38489755583862,95.27371070951638
2020-02-16,88.01938255257605,habl,6,2,16,86.10403235720106,88.02461755875652,88.08982044337813,94.64513705193214
2020-02-17,82.41802235966269,habl,0,2,17,88.01938255257605,88.70342401593628,87.33896166407058,93.35981749589467
2020-02-18,84.25949488744877,habl,1,2,18,82.41802235966269,89.49476811487853,86.18389236253071,92.23561110360207
2020-02-19,85.31186096348426,habl,2,2,19,84.25949488744877,86.1723162562004,85.22255862407457,91.05402710819743
2020-02-20,82.67083579529555,habl,3,2,20,85.31186096348426,90.0348413951481,84.53591931169346,89.80414980008958
2020-02-21,83.21028350217888,habl,4,2,21,82.67083579529555,90.118529655765,83.57409950161403,89.05606945806596
2020-02-22,80.83927951356935,habl,5,2,22,83.21028350217888,86.10403235720106,83.25835093239536,88.11158011270797
2020-02-23,81.7507757359513,habl,6,2,23,80.83927951356935,88.01938255257605,82.75660710209586,87.10867081857766
2020-02-24,78.19401843635725,habl,0,2,24,81.7507757359513,82.41802235966269,81.33303859667046,86.3291409272076
2020-02-25,85.60336464143113,habl,1,2,25,78.19401843635725,84.25949488744877,81.91954436589758,85.96637459890974
2020-02-26,85.33404794312317,habl,2,2,26,85.60336464143113,85.31186096348426,82.34429725408644,85.61205713973757
2020-02-27,84.127290179642,habl,3,2,27,85.33404794312317,82.67083579529555,83.00189938730097,85.29024005057362
2020-02-28,80.8355427042336,habl,4,2,28,84.127290179642,83.21028350217888,82.81885278095743,85.06133642844199
2020-02-29,81.58252886286611,habl,5,2,29,80.8355427042336,80.83927951356935,83.4965548662592,84.73923199364746
2020-03-01,85.08023314242759,habl,6,3,1,81.58252886286611,81.7507757359513,83.39192856645849,84.55807244997204
2020-03-02,87.77333237115138,habl,0,3,2,85.08023314242759,78.19401843635725,83.87978545206414,84.47200066278569
2020-03-03,89.49197504328649,habl,1,3,3,87.77333237115138,85.60336464143113,84.95272242479304,84.63798360213998
2020-03-04,88.16396821507696,habl,2,3,4,89.49197504328649,85.33404794312317,86.41840752696172,84.54443994313642
2020-03-05,86.92985429962374,habl,3,3,5,88.16396821507696,84.127290179642,87.48787261431323,84.38500617532938
2020-03-06,88.61798363285901,habl,4,3,6,86.92985429962374,80.8355427042336,88.19542271239952,84.51070373911226
2020-03-07,88.83920163172812,habl,5,3,7,88.61798363285901,81.58252886286611,88.40859656451485,84.55169469306986
2020-03-08,93.6206166174176,habl,6,3,8,88.83920163172812,85.08023314242759,89.23432487934109,85.1118244059576
2020-03-09,98.61132361057696,habl,0,3,9,93.6206166174176,87.77333237115138,91.32379595844108,85.82941584211402
2020-03-10,104.47083042941642,habl,1,3,10,98.61132361057696,89.49197504328649,94.83199118439963,86.78736431541063
2020-03-11,97.85910356406517,habl,2,3,11,104.47083042941642,88.16396821507696,96.68021517064085,87.54677770384912
2020-03-12,101.51609598245916,habl,3,3,12,97.85910356406517,86.92985429962374,99.21559404078707,88.46206832786312
2020-03-13,106.51473595232603,habl,4,3,13,101.51609598245916,88.61798363285901,101.79441790776875,89.74584114980095
2020-03-14,105.54275175180548,habl,5,3,14,106.51473595232603,88.83920163172812,103.18070353601445,90.93543995059368
2020-03-15,107.80162017795809,habl,6,3,15,105.54275175180548,93.6206166174176,103.84686148572277,92.41582003767371
2020-03-16,113.75188000958973,habl,0,3,16,107.80162017795809,98.61132361057696,107.0254167748277,93.82324580608164
2020-03-17,103.96914436133513,habl,1,3,17,113.75188000958973,104.47083042941642,107.51602645060288,94.75500062699224
2020-03-18,97.9970463734832,habl,2,3,18,103.96914436133513,97.85910356406517,105.81248853483433,95.4484884366843
2020-03-19,95.87699968881,habl,3,3,19,97.9970463734832,101.51609598245916,103.87933812223523,96.20056128591311
2020-03-20,98.50779048766655,habl,4,3,20,95.87699968881,106.51473595232603,102.02057218417693,97.04682436715315
2020-03-21,95.10166582185282,habl,5,3,21,98.50779048766655,105.54275175180548,98.29052934662954,97.5478960011244
2020-03-22,96.2864333668508,habl,6,3,22,95.10166582185282,107.80162017795809,96.75398714773267,97.97355105090938
2020-03-23,96.85448237930746,habl,0,3,23,96.2864333668508,113.75188000958973,96.52547434889752,98.34167641771043
2020-03-24,99.92877498897565,habl,1,3,24,96.85448237930746,103.96914436133513,97.33582940893066,98.92991675640536
2020-03-25,97.01195050782142,habl,2,3,25,99.92877498897565,97.9970463734832,97.03666141296162,99.43402156681523
2020-03-26,93.42628652700483,habl,3,3,26,97.01195050782142,95.87699968881,96.70158555399203,99.67443671152253
2020-03-27,94.77930662265176,habl,4,3,27,93.42628652700483,98.50779048766655,96.40016020515222,99.97144196106872
2020-03-28,91.54379182939962,habl,5,3,28,94.77930662265176,95.10166582185282,95.33802209517066,99.86760072166781
2020-03-29,95.60227573688096,habl,6,3,29,91.54379182939962,96.2864333668508,94.47272224475172,99.71714832798303
2020-03-30,93.60585147718254,habl,0,3,30,95.60227573688096,96.85448237930746,93.79150243862395,99.17389938037132
2020-03-31,91.54745117510645,habl,1,3,31,93.60585147718254,99.92877498897565,93.41573536824427,98.85831676092337
2020-04-01,87.09140125369238,habl,2,4,1,91.54745117510645,97.01195050782142,91.87815429445239,98.13708202448505
2020-04-02,90.75617912584228,habl,3,4,2,87.09140125369238,93.42628652700483,91.72063175374092,97.34915418316086
2020-04-03,101.53171503771698,habl,4,4,3,90.75617912584228,94.77930662265176,92.90651961390812,97.14860234745643
2020-04-04,108.65028752789893,habl,5,4,4,101.53171503771698,91.54379182939962,95.91540682405142,97.19103571495347
2020-04-05,98.81379577113798,habl,6,4,5,108.65028752789893,95.60227573688096,97.36867574325771,96.44413150303089
2020-04-06,97.82996283375702,habl,0,4,6,98.81379577113798,93.60585147718254,99.51638805927064,96.13717242665197
2020-04-07,102.11159754048576,habl,1,4,7,97.82996283375702,91.54745117510645,101.78747174219933,96.3428999850021
2020-04-08,95.93136336519512,habl,2,4,8,102.11159754048576,87.09140125369238,100.66740140769497,96.34561816882136
2020-04-09,97.15577934988028,habl,3,4,9,95.93136336519512,90.75617912584228,98.36849977209124,96.27801761193204
2020-04-10,95.67525400187117,habl,4,4,10,97.15577934988028,101.53171503771698,97.74079141823788,96.30669702093297
2020-04-11,84.30595052285307,habl,5,4,11,95.67525400187117,108.65028752789893,95.03598895605708,95.70767287873308
2020-04-12,87.42307271182189,habl,6,4,12,84.30595052285307,98.81379577113798,92.0982839903243,95.23610239535881
2020-04-13,90.98776092943284,habl,0,4,13,87.42307271182189,97.82996283375702,91.10956350317184,94.78905169238166
2020-04-14,94.79858538640568,habl,1,4,14,90.98776092943284,102.11159754048576,90.63812471047693,94.67838343631088
2020-04-15,90.9904163460478,habl,2,4,15,94.79858538640568,95.93136336519512,89.70115717931225,94.55658992726303
2020-04-16,89.81596267238312,habl,3,4,16,90.9904163460478,97.15577934988028,90.80315960921827,94.3084227297496
2020-04-17,92.42398808449076,habl,4,4,17,89.81596267238312,95.67525400187117,91.80334268375204,94.35243254250415
2020-04-18,93.62910775407737,habl,5,4,18,92.42398808449076,84.30595052285307,92.33161204868095,94.25377414336397
2020-04-19,96.82596879185334,habl,6,4,19,93.62910775407737,87.42307271182189,92.73708872977048,94.4147800090975
2020-04-20,98.9032915874409,habl,0,4,20,96.82596879185334,90.98776092943284,94.3196637780491,94.78257202971423
2020-04-21,96.89575752689426,habl,1,4,21,98.9032915874409,94.79858538640568,95.73562274895133,95.27278984337433
2020-04-22,101.3535057433462,habl,2,4,22,96.89575752689426,90.9904163460478,97.52152628072241,95.80265617424952
2020-04-23,101.52529889906616,habl,3,4,23,101.3535057433462,89.81596267238312,99.10076450972016,95.80233536731699
2020-04-24,103.05688130361824,habl,4,4,24,101.52529889906616,92.42398808449076,100.34694701207316,95.52266505610295
2020-04-25,111.99459880250896,habl,5,4,25,103.05688130361824,93.62910775407737,102.96520845508675,96.18170520767151
2020-04-26,112.1942417863027,habl,6,4,26,111.99459880250896,96.82596879185334,106.02490530696846,96.89991915529878
2020-04-27,111.7610910079554,habl,0,4,27,112.1942417863027,98.9032915874409,108.1064223598903,97.38239382867226
2020-04-28,110.1982901765101,habl,1,4,28,111.7610910079554,96.89575752689426,109.84102061537908,98.09574016923801
2020-04-29,114.7114596784146,habl,2,4,29,110.1982901765101,101.3535057433462,112.17193629033837,98.97352418566473
2020-04-30,109.32210651992663,habl,3,4,30,114.7114596784146,101.52529889906616,111.63743783382188,99.6558668115675
2020-05-01,104.94821956438912,habl,4,5,1,109.32210651992663,103.05688130361824,110.18823338943916,100.6879802636443
2020-05-02,106.32299856490532,habl,5,5,2,104.94821956438912,111.99459880250896,109.10061490082917,101.63297655629847
2020-05-03,110.15037173438114,habl,6,5,3,106.32299856490532,112.1942417863027,109.09103121240337,102.59110709654587
2020-05-04,114.0087009853918,habl,0,5,4,110.15037173438114,111.7610910079554,108.95047947379881,103.55161287649518
2020-05-05,119.32904073802632,habl,1,5,5,114.0087009853918,110.1982901765101,110.95186631741873,104.96854409609412
2020-05-06,110.3896537602728,habl,2,5,6,119.32904073802632,114.7114596784146,112.0401531565955,105.99722865048861
2020-05-07,114.67230651496432,habl,3,5,7,110.3896537602728,109.32210651992663,113.71001474660727,107.10964457201229
2020-05-08,117.45338086671156,habl,4,5,8,114.67230651496432,104.94821956438912,115.17061657307336,108.300858227644
2020-05-09,122.0083166157954,habl,5,5,9,117.45338086671156,106.32299856490532,116.77053969915407,109.5599756188411
2020-05-10,124.0773448796916,habl,6,5,10,122.0083166157954,110.15037173438114,117.72020052748712,110.81867828345364
2020-05-11,124.079993337116,habl,0,5,11,124.0773448796916,114.0087009853918,120.45826844285577,112.17789007396473
2020-05-12,118.41342221060852,habl,1,5,12,124.079993337116,119.32904073802632,121.20649158198462,113.03088589732783
2020-05-13,110.50756283684892,habl,2,5,13,118.41342221060852,110.3896537602728,119.8173279760121,113.47999909421699
2020-05-14,108.96893750679683,habl,3,5,14,110.50756283684892,114.67230651496432,117.20945215421236,113.77560190437589
2020-05-15,107.44579739899072,habl,4,5,15,108.96893750679683,117.45338086671156,113.88314265807219,113.5481618342
2020-05-16,109.40818115999907,habl,5,5,16,107.44579739899072,122.0083166157954,110.94878022264882,113.40885880288481
2020-05-17,106.88698714747996,habl,6,5,17,109.40818115999907,124.0773448796916,108.6434932100231,113.16515360986105
2020-05-18,115.17619452287148,habl,0,5,18,106.88698714747996,124.079993337116,109.5772195472276,113.41404882717909
2020-05-19,119.33661409405472,habl,1,5,19,115.17619452287148,118.41342221060852,111.6507548646792,113.6453065479611
2020-05-20,121.53156212192016,habl,2,5,20,119.33661409405472,110.50756283684892,114.46790780926509,114.2557793280608
2020-05-21,119.0595712361766,habl,3,5,21,121.53156212192016,108.96893750679683,116.39818582450057,114.96134691165017
2020-05-22,116.98265724514104,habl,4,5,22,119.0595712361766,107.44579739899072,118.41731984403279,115.49432984566195
2020-05-23,116.2512058975722,habl,5,5,23,116.98265724514104,109.40818115999907,118.63232211897294,115.79937155382149
2020-05-24,104.35321986644593,habl,6,5,24,116.2512058975722,106.88698714747996,115.63564327345118,115.3165974978742
2020-05-25,107.08278994763616,habl,0,5,25,104.35321986644593,115.17619452287148,112.7458888385944,114.70428495835469
2020-05-26,107.32267658604924,habl,1,5,26,107.08278994763616,119.33661409405472,110.39850990856891,114.55093609964351
2020-05-27,106.94257140407832,habl,2,5,27,107.32267658604924,121.53156212192016,108.39049274035638,114.16444934409924
2020-05-28,108.98672755088997,habl,3,5,28,106.94257140407832,119.0595712361766,106.93759707101992,113.74111667830816
2020-05-29,116.8735524968953,habl,4,5,29,108.98672755088997,116.98265724514104,109.4416635971098,113.48437847236315
2020-05-30,122.524663830993,habl,5,5,30,116.8735524968953,116.2512058975722,112.53003837378117,113.40674441992819
2020-05-31,125.43493643642968,habl,6,5,31,122.524663830993,104.35321986644593,116.15249034385724,113.47449157489389
2020-06-01,126.8790323120575,habl,0,6,1,125.43493643642968,107.08278994763616,120.1397825254531,113.89777207996633
2020-06-02,121.38037034667218,habl,1,6,2,126.8790323120575,107.32267658604924,122.61851108460954,114.4414124554575
2020-06-03,110.52846866281718,habl,2,6,3,121.38037034667218,106.94257140407832,121.34949431779391,114.51938901325852
2020-06-04,115.3935409355518,habl,3,6,4,110.52846866281718,108.98672755088997,119.92326973870567,114.91677619008655
2020-06-05,115.53786554263644,habl,4,6,5,115.3935409355518,116.8735524968953,117.94385555994702,115.22326040921844
2020-06-06,105.02830261591927,habl,5,6,6,115.53786554263644,122.524663830993,113.57370962071937,115.1303261826404
2020-06-07,104.54291194767391,habl,6,6,7,105.02830261591927,125.43493643642968,110.20621794091971,114.59866205388053
2020-06-08,99.80080522446131,habl,0,6,8,104.54291194767391,126.8790323120575,108.06068525324854,113.62187161040086
2020-06-09,96.67730163400842,habl,1,6,9,99.80080522446131,121.38037034667218,104.31743739293988,112.37915858600527
2020-06-10,92.50620645754104,habl,2,6,10,96.67730163400842,110.52846866281718,99.71110557592078,111.05149034707351
2020-06-11,93.51859557001492,habl,3,6,11,92.50620645754104,115.3935409355518,97.40916416673993,109.8782872633172
2020-06-12,102.9798430360487,habl,4,6,12,93.51859557001492,115.53786554263644,97.09655038441488,109.21471912024101
2020-06-13,100.72266568918144,habl,5,6,13,102.9798430360487,105.02830261591927,97.2809224773589,109.03319141137779
2020-06-14,100.50181932083537,habl,6,6,14,100.72266568918144,104.54291194767391,98.0458260147243,108.70414288003774
2020-06-15,98.83661266337693,habl,0,6,15,100.50181932083537,99.80080522446131,99.31190725589147,108.27983968390413
2020-06-16,98.071772019188,habl,1,6,16,98.83661266337693,96.67730163400842,100.22254254572609,107.83629971465962
2020-06-17,96.8767159820975,habl,2,6,17,98.071772019188,92.50620645754104,99.00191713493584,107.23079913622
2020-06-18,92.69327531511536,habl,3,6,18,96.8767159820975,93.51859557001492,97.39603906012263,106.02178527713099
2020-06-19,88.86170097433588,habl,4,6,19,92.69327531511536,102.9798430360487,95.06801539082274,104.33863713429814
2020-06-20,85.88098151157233,habl,5,6,20,88.86170097433588,100.72266568918144,92.47688916046181,102.36093938805529
2020-06-21,86.33435288113299,habl,6,6,21,85.88098151157233,100.50181932083537,90.12940533285081,100.33370541650905
2020-06-22,85.80154792745532,habl,0,6,22,86.33435288113299,98.83661266337693,87.91437172192238,98.55476429554821
2020-06-23,78.02189555488721,habl,1,6,23,85.80154792745532,98.071772019188,84.98009576987674,96.92943564015171
2020-06-24,78.08217222474626,habl,2,6,24,78.02189555488721,96.8767159820975,82.82419001995882,95.06386720461143
2020-06-25,74.47597058035448,habl,3,6,25,78.08217222474626,92.69327531511536,80.54318783371525,93.01077245649734
2020-06-26,74.25905899505094,habl,4,6,26,74.47597058035448,88.86170097433588,78.12812905649885,91.4723102754539
2020-06-27,80.3656656879652,habl,5,6,27,74.25905899505094,85.88098151157233,77.04095260860082,90.26344796246848
2020-06-28,82.7247458352032,habl,6,6,28,80.3656656879652,86.33435288113299,77.98152266466401,89.40964499300557
2020-06-29,86.49226929232748,habl,0,6,29,82.7247458352032,85.80154792745532,79.66354207818026,88.90039337592154
2020-06-30,83.53837025850757,habl,1,6,30,86.49226929232748,78.02189555488721,81.47602201381088,88.45200156596985
2020-07-01,83.28923800740242,habl,2,7,1,83.53837025850757,78.08217222474626,83.28205781628117,87.94053368783923
2020-07-02,81.14258271092491,habl,3,7,2,83.28923800740242,74.47597058035448,83.43744122087313,86.84867067158304
2020-07-03,79.60544811600016,habl,4,7,3,81.14258271092491,74.25905899505094,82.81358167703252,85.79280979292398
2020-07-04,80.82547591007895,habl,5,7,4,79.60544811600016,80.3656656879652,81.6802230005828,84.80899262238616
2020-07-05,83.14556140119942,habl,6,7,5,80.82547591007895,82.7247458352032,81.60166122912116,84.02444005927728
2020-07-06,78.46723918170646,habl,0,7,6,83.14556140119942,86.49226929232748,80.63726146398199,83.0442134174032
2020-07-07,80.02518036633528,habl,1,7,7,78.46723918170646,83.53837025850757,80.41378099506406,82.20163663661509
2020-07-08,78.67651678327174,habl,2,7,8,80.02518036633528,83.28923800740242,80.22799472851838,81.5007987100229
2020-07-09,80.28093032305657,habl,3,7,9,78.67651678327174,81.14258271092491,80.11908561111389,81.07176017745894
2020-07-10,78.3289307575828,habl,4,7,10,80.28093032305657,79.60544811600016,79.15575948239056,80.69415763975947
2020-07-11,78.12048173137701,habl,5,7,11,78.3289307575828,80.82547591007895,79.08640799232468,80.28346408227166
2020-07-12,77.57047417126122,habl,6,7,12,78.12048173137701,83.14556140119942,78.59546675330986,79.87191039446196
2020-07-13,76.00320636798483,habl,0,7,13,77.57047417126122,78.46723918170646,78.06080467025248,79.77097593511685
2020-07-14,76.10975576285549,habl,1,7,14,76.00320636798483,80.02518036633528,77.22656975821226,79.6723551120223
2020-07-15,73.89828788517859,habl,2,7,15,76.10975576285549,78.67651678327174,76.34044118373143,79.6434709772635
2020-07-16,77.37705864365195,habl,3,7,16,73.89828788517859,80.28093032305657,76.19175656618641,79.79937095969356
2020-07-17,76.58027986170461,habl,4,7,17,77.37705864365195,78.3289307575828,75.9937177042751,79.61010166838052
2020-07-18,78.57978333718238,habl,5,7,18,76.58027986170461,78.12048173137701,76.5090330981146,79.4028535434795
2020-07-19,75.14991911382953,habl,6,7,19,78.57978333718238,77.57047417126122,76.3170657683094,78.83573603455459
2020-07-20,72.64230392737034,habl,0,7,20,75.14991911382953,76.00320636798483,76.06586897674777,78.29093271799773
2020-07-21,73.21294759877951,habl,1,7,21,72.64230392737034,76.10975576285549,75.23304676777327,77.78711819756658
2020-07-22,75.836610438291,habl,2,7,22,73.21294759877951,73.89828788517859,75.08431288309055,77.5218195839349
2020-07-23,78.48008166920492,habl,3,7,23,75.836610438291,77.37705864365195,75.06437254949506,77.46555126159514
2020-07-24,72.09465611046282,habl,4,7,24,78.48008166920492,76.58027986170461,74.45331994882172,77.02901027161433
2020-07-25,76.26564190436584,habl,5,7,25,72.09465611046282,78.57978333718238,75.17798754422083,76.68501429677264
2020-07-26,76.13562562665373,habl,6,7,26,76.26564190436584,75.14991911382953,75.76252314979567,76.56843361902
2020-07-27,71.98319631911433,habl,0,7,27,76.13562562665373,72.64230392737034,74.99184032596034,76.16633441665896
2020-07-28,68.6863346906814,habl,1,7,28,71.98319631911433,73.21294759877951,73.03309093025563,75.66682531202943
2020-07-29,76.06137923315565,habl,2,7,29,68.6863346906814,75.836610438291,73.82643555479419,75.4558477575344
2020-07-30,71.36538192174856,habl,3,7,30,76.06137923315565,78.48008166920492,72.84638355827073,75.10767031574268
2020-07-31,69.9032911178626,habl,4,7,31,71.36538192174856,72.09465611046282,71.5999166565125,74.69681078506696
2020-08-01,67.52648831511748,habl,5,8,1,69.9032911178626,76.26564190436584,70.70857505571314,74.19461149225978
2020-08-02,68.82599830714703,habl,6,8,2,67.52648831511748,76.13562562665373,70.73650777900626,73.8357510892179
2020-08-03,70.95637375252959,habl,0,8,3,68.82599830714703,71.98319631911433,69.71550668288106,73.5780819887016
2020-08-04,75.52583151572789,habl,1,8,4,70.95637375252959,68.6863346906814,70.54759660167691,73.65945917022906
2020-08-05,77.74783325841868,habl,2,8,5,75.52583151572789,76.06137923315565,72.11650502978813,73.6779979009674
2020-08-06,76.5388385770377,habl,3,8,6,77.74783325841868,71.36538192174856,73.91897508217218,73.67592583673405
2020-08-07,75.53212854447715,habl,4,8,7,76.5388385770377,69.9032911178626,75.2602011296382,73.52354309709878
2020-08-08,75.6528210507707,habl,5,8,8,75.53212854447715,67.52648831511748,76.19949058928641,73.54868819394585
2020-08-09,73.2661340195295,habl,6,8,9,75.6528210507707,68.82599830714703,75.74755109004676,73.57987969855381
2020-08-10,73.32219640630774,habl,0,8,10,73.2661340195295,70.95637375252959,74.86242371962456,73.58534213893022
2020-08-11,70.70790607581935,habl,1,8,11,73.32219640630774,75.52583151572789,73.69623721938089,73.32890692080663
2020-08-12,71.29303608288846,habl,2,8,12,70.70790607581935,77.74783325841868,72.84841872706315,72.9695546414908
2020-08-13,67.86746335317672,habl,3,8,13,71.29303608288846,76.5388385770377,71.29134718754435,72.75819500362651
2020-08-14,71.3981687676581,habl,4,8,14,67.86746335317672,75.53212854447715,70.91775413717008,72.51482134679112
2020-08-15,64.669885975608,habl,5,8,15,71.3981687676581,75.6528210507707,69.18729205103013,71.94153436423883
2020-08-16,65.1577188205514,habl,6,8,16,64.669885975608,73.2661340195295,68.07725459997654,71.60026048931068
2020-08-17,66.27866154951087,habl,0,8,17,65.1577188205514,73.32219640630774,67.07437969330101,71.47987683225216
2020-08-18,65.297102412503,habl,1,8,18,66.27866154951087,70.70790607581935,66.56030750516626,70.94166299121952
2020-08-19,63.25549343110499,habl,2,8,19,65.297102412503,71.29303608288846,64.93177243785564,70.53616856668735
2020-08-20,64.48737185993787,habl,3,8,20,63.25549343110499,67.86746335317672,64.89526961472163,70.26537260379112
2020-08-21,58.70494863357379,habl,4,8,21,64.48737185993787,71.3981687676581,63.604715577326104,69.82429561971392
2020-08-22,53.95579183131977,habl,5,8,22,58.70494863357379,64.669885975608,61.14014163368788,69.08078529592255
2020-08-23,56.94853497471573,habl,6,8,23,53.95579183131977,65.1577188205514,59.47042814613043,68.38039335703186
2020-08-24,54.78242373098502,habl,0,8,24,56.94853497471573,66.27866154951087,57.77581420610644,67.34322296779473
2020-08-25,60.82086354218204,habl,1,8,25,54.78242373098502,65.297102412503,57.042512542555265,66.4968744819829
2020-08-26,59.07918270113195,habl,2,8,26,60.82086354218204,63.25549343110499,57.1173593560669,65.62389168818761
2020-08-27,57.374386226140025,habl,3,8,27,59.07918270113195,64.48737185993787,57.80107823503096,64.71600457227075
2020-08-28,58.35813846863658,habl,4,8,28,57.374386226140025,58.70494863357379,58.08299893381512,63.85127044316405
2020-08-29,61.075011325358446,habl,5,8,29,58.35813846863658,53.95579183131977,59.34151645268982,63.24171430845549
2020-08-30,63.95741837247094,habl,6,8,30,61.075011325358446,56.94853497471573,59.96882741874758,62.773475406763644
2020-08-31,57.718391060446855,habl,0,8,31,63.95741837247094,54.78242373098502,59.69666909061057,62.123999655995036
2020-09-01,61.8581934077578,habl,1,9,1,57.718391060446855,60.82086354218204,60.59343052693413,61.65225752223849
2020-09-02,63.883269437408494,habl,2,9,2,61.8581934077578,59.07918270113195,61.69845672068851,61.45304782645009
2020-09-03,65.65460016269424,habl,3,9,3,63.883269437408494,57.374386226140025,62.61437448815567,61.16586939620189
2020-09-04,64.86924556912406,habl,4,9,4,65.65460016269424,58.35813846863658,62.796739927486286,61.1758373758777
2020-09-05,66.32724955360388,habl,5,9,5,64.86924556912406,61.075011325358446,64.5185116261177,61.23431391253032
2020-09-06,63.64508189735563,habl,6,9,6,66.32724955360388,63.95741837247094,64.87588932403726,61.10263492992256
2020-09-07,64.65993197625389,habl,0,9,7,63.64508189735563,57.718391060446855,65.03122183180633,61.0707764081101
2020-09-08,64.78007246832142,habl,1,9,8,64.65993197625389,61.8581934077578,64.85631629293178,61.14700535997092
2020-09-09,63.69638109379991,habl,2,9,9,64.78007246832142,63.883269437408494,64.62174339786695,61.10745582166402
2020-09-10,60.78021560098322,habl,3,9,10,63.69638109379991,65.65460016269424,63.51233660734281,61.21121917003448
2020-09-11,60.92706091637693,habl,4,9,11,60.78021560098322,64.86924556912406,62.96873241114707,61.55978262428736
2020-09-12,57.34057546190621,habl,5,9,12,60.92706091637693,66.32724955360388,61.50486110827753,61.57938464864687
2020-09-13,59.39012576335985,habl,6,9,13,57.34057546190621,63.64508189735563,60.42687176728523,61.80976975026563
2020-09-14,61.01426297033239,habl,0,9,14,59.39012576335985,64.65993197625389,59.89044814259172,61.819439721673135
2020-09-15,60.13012432506687,habl,1,9,15,61.01426297033239,64.78007246832142,59.76042988740845,61.87198680286988
2020-09-16,63.91036157428947,habl,2,9,16,60.13012432506687,63.69638109379991,60.35709001899096,62.19878557027736
2020-09-17,57.910005399923485,habl,3,9,17,63.91036157428947,60.78021560098322,60.47097600659441,62.17637891684169
2020-09-18,58.61166955435795,habl,4,9,18,57.910005399923485,60.92706091637693,60.315284764794036,62.05321182829167
2020-09-19,58.42995492517111,habl,5,9,19,58.61166955435795,57.34057546190621,59.79842315576178,61.77683865592669
2020-09-20,60.24797798139882,habl,6,9,20,58.42995492517111,59.39012576335985,59.82199388702817,61.90331800197428
2020-09-21,58.29254892177221,habl,0,9,21,60.24797798139882,61.01426297033239,58.698431356524715,61.72503577767501
2020-09-22,56.27258491478079,habl,1,9,22,58.29254892177221,60.13012432506687,58.37094725949618,61.344501551543615
2020-09-23,58.75553114997858,habl,2,9,23,56.27258491478079,63.91036157428947,58.39971957862031,60.99954810090784
2020-09-24,53.75490582942421,habl,3,9,24,58.75553114997858,57.910005399923485,57.46470975947093,60.44383111392284
2020-09-25,54.89174084675398,habl,4,9,25,53.75490582942421,58.61166955435795,56.39346233254196,59.87205567858034
2020-09-26,53.3745418809088,habl,5,9,26,54.89174084675398,58.42995492517111,55.409860924369276,59.358528677758
2020-09-27,54.635978541796575,habl,6,9,27,53.3745418809088,60.24797798139882,55.082539649772436,58.857331006035146
2020-09-28,56.54637955150437,habl,0,9,28,54.635978541796575,58.29254892177221,54.640709330077584,58.44564636019428
2020-09-29,58.87633259181507,habl,1,9,29,56.54637955150437,56.27258491478079,55.664994682555765,58.20464393509504
2020-09-30,60.097977027126426,habl,2,9,30,58.87633259181507,58.75553114997858,56.706241918630255,58.17053200640221
2020-10-01,61.38816853190112,habl,3,10,1,60.097977027126426,53.75490582942421,58.30896724882871,58.19358738717841
2020-10-02,59.90739719522645,habl,4,10,2,61.38816853190112,54.89174084675398,59.36325097951469,58.32192847384442
2020-10-03,60.00357033029108,habl,5,10,3,59.90739719522645,53.3745418809088,60.05468913527203,58.35260070219099
2020-10-04,57.10059866820166,habl,6,10,4,60.00357033029108,54.635978541796575,59.69954235054935,58.156917487084456
2020-10-05,61.775760880098034,habl,0,10,5,57.10059866820166,56.54637955150437,60.03509912114367,58.239199314836014
2020-10-06,59.04208090115994,habl,1,10,6,61.775760880098034,58.87633259181507,59.56588159499544,57.99578528117953
2020-10-07,56.47441139740615,habl,2,10,7,59.04208090115994,60.097977027126426,58.87928443543137,57.92400558105366
2020-10-08,53.88811045840355,habl,3,10,8,56.47441139740615,61.38816853190112,57.65619246105386,57.687827626255945
2020-10-09,53.2891765622409,habl,4,10,9,53.88811045840355,59.90739719522645,56.89390803986172,57.43078870810943
2020-10-10,58.18522999617591,habl,5,10,10,53.2891765622409,60.00357033029108,56.17580186307729,57.327651308848296
2020-10-11,53.04080121488857,habl,6,10,11,58.18522999617591,57.10059866820166,54.97554592582302,57.0650639235041
2020-10-12,52.66050324906084,habl,0,10,12,53.04080121488857,61.775760880098034,54.212764296153956,56.884459840218106
2020-10-13,49.4014170379875,habl,1,10,13,52.66050324906084,59.04208090115994,53.31542561207074,56.41675413461856
2020-10-14,49.88949390470651,habl,2,10,14,49.4014170379875,56.47441139740615,52.635489080563865,56.22348353838267
2020-10-15,50.225803944752826,habl,3,10,15,49.88949390470651,53.88811045840355,51.04360387027925,55.99018669328261
2020-10-16,57.65239841204927,habl,4,10,16,50.225803944752826,53.2891765622409,51.965923309711386,56.20407951983964
2020-10-17,54.39338847602391,habl,5,10,17,57.65239841204927,58.18522999617591,52.312500355104,56.191950016551004
2020-10-18,54.63828753629168,habl,6,10,18,54.39338847602391,53.04080121488857,53.359874454764835,56.096545415790374
2020-10-19,53.597407593983554,habl,0,10,19,54.63828753629168,52.66050324906084,54.10145719262025,55.8325991658988
2020-10-20,54.80428192290146,habl,1,10,20,53.597407593983554,49.4014170379875,55.01715278824997,55.56791441068755
2020-10-21,59.09107885691386,habl,2,10,21,54.80428192290146,49.88949390470651,55.30488887722289,55.45305992693818
2020-10-22,53.23821893576854,habl,3,10,22,59.09107885691386,50.225803944752826,55.07385496917182,55.119601013965294
2020-10-23,57.60373693435647,habl,4,10,23,53.23821893576854,57.65239841204927,55.66694484878478,54.99960934416855
2020-10-24,59.58510641042846,habl,5,10,24,57.60373693435647,54.39338847602391,56.86448461207376,55.1238347312799
2020-10-25,72.01564138594348,habl,6,10,25,59.58510641042846,54.63828753629168,60.30675650468216,55.63582875657217
2020-10-26,75.33606981097847,habl,0,10,26,72.01564138594348,53.597407593983554,63.55575469549508,56.4505282020631
2020-10-27,79.0899050115971,habl,1,10,27,75.33606981097847,54.80428192290146,68.7260919106608,57.58130288277265
2020-10-28,77.45017676274779,habl,2,10,28,79.0899050115971,59.09107885691386,72.69537987633905,58.75940619798986
2020-10-29,76.51825749082076,habl,3,10,29,77.45017676274779,53.23821893576854,76.08201009241752,59.92086024441885
2020-10-30,80.66011282467193,habl,4,10,30,76.51825749082076,57.60373693435647,77.81090438016322,61.04460438584365
2020-10-31,81.1839244448347,habl,5,10,31,80.66011282467193,59.58510641042846,78.98047530693445,62.45176054734096
2020-11-01,75.51009237823392,habl,6,11,1,81.1839244448347,72.01564138594348,78.26451278026181,63.59424000379961
2020-11-02,80.67605178307313,habl,0,11,2,75.51009237823392,75.33606981097847,78.90968778432689,65.1579717410539
2020-11-03,75.2088915296682,habl,1,11,3,80.67605178307313,79.0899050115971,78.64781459209637,66.42394162230197
2020-11-04,76.26134301508054,habl,2,11,4,75.2088915296682,77.45017676274779,77.7680606301781,67.72571857581836
2020-11-05,83.63716848313999,habl,3,11,5,76.26134301508054,76.51825749082076,78.25870943783914,69.0249570793729
2020-11-06,86.83608672655579,habl,4,11,6,83.63716848313999,80.66011282467193,80.52390830750353,70.64709199189949
2020-11-07,87.90175384601424,habl,5,11,7,86.83608672655579,81.1839244448347,81.96904872009175,72.3102653073856
2020-11-08,90.56521069724609,habl,6,11,8,87.90175384601424,75.51009237823392,85.04031255360732,74.15865546254875
2020-11-09,96.36839157780008,habl,0,11,9,90.56521069724609,80.67605178307313,89.06172226615124,76.23686094529367
2020-11-10,88.81216383153703,habl,1,11,10,96.36839157780008,75.2088915296682,90.09672133583065,77.72291519402484
2020-11-11,87.12246815414967,habl,2,11,11,88.81216383153703,76.26134301508054,90.15399762134942,79.4171276549439
2020-11-12,91.30105538969237,habl,3,11,12,87.12246815414967,83.63716848313999,90.83385793008503,81.10199357771069
2020-11-13,89.78417819832254,habl,4,11,13,91.30105538969237,86.83608672655579,90.67765143030033,82.61194716710538
2020-11-14,88.58396085037253,habl,5,11,14,89.78417819832254,87.90175384601424,89.12076528481482,83.44036314032685
2020-11-15,91.17028709005687,habl,6,11,15,88.58396085037253,90.56521069724609,89.5923899365188,84.23207400428076
2020-11-16,86.86168149973068,habl,0,11,16,91.17028709005687,96.36839157780008,89.540232605635,84.62066282868744
2020-11-17,85.19250224889757,habl,1,11,17,86.86168149973068,88.81216383153703,88.31852197747602,85.00777910299493
2020-11-18,86.8607785367958,habl,2,11,18,85.19250224889757,87.12246815414967,87.73384204517069,85.52490515529368
2020-11-19,86.6095260178687,habl,3,11,19,86.8607785367958,91.30105538969237,87.33895507866991,85.82237581495352
2020-11-20,86.99148417133473,habl,4,11,20,86.6095260178687,89.78417819832254,86.50319449492551,86.11275380127852
2020-11-21,89.1736749079156,habl,5,11,21,86.99148417133473,88.58396085037253,86.96559317656248,86.7959329277626
2020-11-22,87.50222985095733,habl,6,11,22,89.1736749079156,91.17028709005687,87.42753869697444,87.13724183115681
2020-11-23,87.98347303150895,habl,0,11,23,87.50222985095733,86.86168149973068,87.65207759591706,87.77597090624886
2020-11-24,90.80140935540196,habl,1,11,24,87.98347303150895,85.19250224889757,88.4904542634237,88.50297422326494
2020-11-25,93.24717189412677,habl,2,11,25,90.80140935540196,86.8607785367958,89.74159180798212,88.98347439381426
2020-11-26,94.3154342797836,habl,3,11,26,93.24717189412677,86.6095260178687,90.76994368235572,89.35744177147566
2020-11-27,98.16164165790173,habl,4,11,27,94.3154342797836,86.99148417133473,92.90182604374459,89.87043616207004
2020-11-28,104.20705474693509,habl,5,11,28,98.16164165790173,89.1736749079156,96.14654238682982,90.55252836455449
2020-11-29,107.85755269769032,habl,6,11,29,104.20705474693509,87.50222985095733,99.55777105528749,91.126986420549
2020-11-30,106.47549587562112,habl,0,11,30,107.85755269769032,87.98347303150895,102.20343585158636,92.0101530227532
2020-12-01,114.9201453210122,habl,1,12,1,106.47549587562112,90.80140935540196,106.32437805983209,93.40003688109633
2020-12-02,110.2162508882382,habl,2,12,2,114.9201453210122,93.24717189412677,108.73529990589938,94.34579665602362
2020-12-03,116.0960002811428,habl,3,12,3,110.2162508882382,94.3154342797836,111.11308901274094,95.66138776016463
2020-12-04,108.4921381840101,habl,4,12,4,116.0960002811428,98.16164165790173,111.24000611000488,96.6567966268465
2020-12-05,114.66099702823948,habl,5,12,5,108.4921381840101,104.20705474693509,112.87710634052856,97.83133212375564
2020-12-06,121.635903391709,habl,6,12,6,114.66099702823948,107.85755269769032,114.22025795466791,99.57004321835454
2020-12-07,116.98001659401204,habl,0,12,7,121.635903391709,106.47549587562112,115.57301109582268,101.15941893561028
2020-12-08,120.26562584737329,habl,1,12,8,116.98001659401204,114.9201453210122,116.40693620906877,102.82966130113917
2020-12-09,118.49808992897157,habl,2,12,9,120.26562584737329,110.2162508882382,118.40812655806107,104.4240894966943
2020-12-10,120.1937884493492,habl,3,12,10,118.49808992897157,116.0960002811428,119.514684842283,106.08420471059503
2020-12-11,121.25067159818744,habl,4,12,11,120.1937884493492,108.4921381840101,119.43763848357871,107.68805454510861
2020-12-12,119.50725955744592,habl,5,12,12,121.25067159818744,114.66099702823948,119.94308707626548,109.28830603043302
2020-12-13,119.2754931805999,habl,6,12,13,119.50725955744592,121.635903391709,119.7450605429108,110.85290703788758
2020-12-14,111.9613297840108,habl,0,12,14,119.2754931805999,116.98001659401204,118.43770851391864,111.91090305931803
2020-12-15,119.78924223820654,habl,1,12,15,111.9613297840108,120.26562584737329,118.35679927169012,113.23800657652203
2020-12-16,124.20726804978328,habl,2,12,16,119.78924223820654,118.49808992897157,118.94811856200928,114.73259826502199
2020-12-17,124.02269223340562,habl,3,12,17,124.20726804978328,120.1937884493492,119.85120509720123,116.0256507937972
2020-12-18,123.01994203085064,habl,4,12,18,124.02269223340562,121.25067159818744,120.60009486725139,116.96629515799297
2020-12-19,119.35713698801,habl,5,12,19,123.01994203085064,119.50725955744592,122.07925630805123,117.54127437250895
2020-12-20,121.82891621450383,habl,6,12,20,119.35713698801,119.2754931805999,122.48719110331066,118.30894538945309
2020-12-21,127.2586282965525,habl,0,12,21,121.82891621450383,111.9613297840108,123.09746315266452,118.9258695382301
2020-12-22,123.97184777763076,habl,1,12,22,127.2586282965525,119.78924223820654,123.08729426150956,119.61364938269973
2020-12-23,110.80487131933565,habl,2,12,23,123.97184777763076,124.20726804978328,120.64428011920654,119.34909293460937
2020-12-24,112.57389044847248,habl,3,12,24,110.80487131933565,124.02269223340562,119.28763081129905,119.5531805478325
2020-12-25,111.08499067528632,habl,4,12,25,112.57389044847248,123.01994203085064,117.13884570345553,119.37438023018483
2020-12-26,108.72004802805496,habl,5,12,26,111.08499067528632,119.35713698801,113.43112964975603,118.72858746200214
2020-12-27,105.01552018800618,habl,6,12,27,108.72004802805496,121.82891621450383,109.6398641318311,118.13036264170182
2020-12-28,97.50077739791264,habl,0,12,28,105.01552018800618,127.2586282965525,106.9790453475465,116.99212021922881
2020-12-29,99.62189880248567,habl,1,12,29,97.50077739791264,123.97184777763076,104.38864701834916,116.04831066290451
2020-12-30,99.95564329929746,habl,2,12,30,99.62189880248567,110.80487131933565,102.16277754315139,115.03640340540194
2020-12-31,93.13697405060702,habl,3,12,31,99.95564329929746,112.57389044847248,99.0461627476618,113.63071852802291
2021-01-01,91.87336030732378,habl,4,1,1,93.13697405060702,111.08499067528632,96.41773077152531,112.24902356551681
2021-01-02,97.934470206626,habl,5,1,2,91.87336030732378,108.72004802805496,96.50446933326798,111.18197241681813
2021-01-03,97.93633355750887,habl,6,1,3,97.934470206626,105.01552018800618,96.16735628427264,110.48072260549301
2021-01-04,105.12724697947532,habl,0,1,4,97.93633355750887,97.50077739791264,97.2016770203082,109.74762284255647
2021-01-05,102.60649316906928,habl,1,1,5,105.12724697947532,99.62189880248567,99.09558084400064,108.66758409852075
2021-01-06,112.56962344700722,habl,2,1,6,102.60649316906928,99.95564329929746,103.23483347193732,108.09493065920083
2021-01-07,119.61798085927016,habl,3,1,7,112.56962344700722,93.13697405060702,107.57153560246618,107.92483260062181
2021-01-08,121.75210801456352,habl,4,1,8,119.61798085927016,91.87336030732378,112.3346904938771,108.04458115194947
2021-01-09,127.56095607652074,habl,5,1,9,121.75210801456352,97.934470206626,116.82143231328618,108.33118314505032
2021-01-10,122.70364073936577,habl,6,1,10,127.56095607652074,97.93633355750887,120.84086182734549,108.10343376719099
2021-01-11,128.63684324964314,habl,0,1,11,122.70364073936577,105.12724697947532,124.05430578787266,108.33668354079161
2021-01-12,125.49762875692444,habl,1,1,12,128.63684324964314,102.60649316906928,125.23023536740352,109.07132141267104
2021-01-13,129.91222792456253,habl,2,1,13,125.49762875692444,112.56962344700722,126.8622593494033,109.93823828647555
2021-01-14,133.69892666806413,habl,3,1,14,129.91222792456253,119.61798085927016,128.089853467712,111.06893508611442
2021-01-15,132.05925625210267,habl,4,1,15,133.69892666806413,121.75210801456352,129.9609765702594,112.23589549731682
2021-01-16,129.80548456638476,habl,5,1,16,132.05925625210267,127.56095607652074,130.1947048336077,113.47539371623574
2021-01-17,131.6028128954612,habl,6,1,17,129.80548456638476,122.70364073936577,131.41574166131505,115.18049549111318
2021-01-18,127.37841455121328,habl,0,1,18,131.6028128954612,128.63684324964314,130.9089789866452,116.56832127854955
2021-01-19,132.8843208988301,habl,1,1,19,127.37841455121328,125.49762875692444,130.74605783279839,118.21475515852622
2021-01-20,123.7756753522762,habl,2,1,20,132.8843208988301,129.91222792456253,129.0893416528331,119.74669022360965
2021-01-21,130.69941587651743,habl,3,1,21,123.7756753522762,133.69892666806413,129.26812791485966,121.68799300206933
2021-01-22,132.2203581898992,habl,4,1,22,130.69941587651743,132.05925625210267,129.39163697374727,123.402287401233
2021-01-23,140.14510404951875,habl,5,1,23,132.2203581898992,129.80548456638476,131.94497487340834,125.51272592583351
2021-01-24,131.765628655019,habl,6,1,24,140.14510404951875,131.6028128954612,131.72123642464612,126.84464500961067
2021-01-25,133.58647021663987,habl,0,1,25,131.765628655019,127.37841455121328,133.68339539751886,128.3936438619892
2021-01-26,138.591610292522,habl,1,1,26,133.58647021663987,132.8843208988301,135.26183428071977,129.69474320426497
2021-01-27,123.1686093221582,habl,2,1,27,138.591610292522,123.7756753522762,133.45148450717156,129.87227462740935
2021-01-28,118.39807139805993,habl,3,1,28,123.1686093221582,130.69941587651743,129.1020779768798,129.70457279658416
2021-01-29,114.36530699983189,habl,4,1,29,118.39807139805993,132.2203581898992,125.62201364584237,129.04479034274974
2021-01-30,111.36546300305083,habl,5,1,30,114.36530699983189,140.14510404951875,121.17781220312456,128.47788145593398
2021-01-31,111.84462345480205,habl,6,1,31,111.36546300305083,131.765628655019,115.82841483558059,127.63827046619193
2021-02-01,110.02218988823844,habl,0,2,1,111.84462345480205,133.58647021663987,113.19913094879664,126.86449852275761
2021-02-02,112.66454894524304,habl,1,2,2,110.02218988823844,138.591610292522,112.05242645823326,126.00211457379164
2021-02-03,118.07711333508236,habl,2,2,3,112.66454894524304,123.1686093221582,112.79478772528334,125.22102390714258
2021-02-04,118.30478913994088,habl,3,2,4,118.07711333508236,118.39807139805993,114.18265295266136,124.53330055153447
2021-02-05,129.50063625581615,habl,4,2,5,118.30478913994088,114.36530699983189,117.71385551286417,124.51805813600603
2021-02-06,127.07055829688424,habl,5,2,6,129.50063625581615,111.36546300305083,121.12352919459333,124.2914454060772
2021-02-07,128.85760500374428,habl,6,2,7,127.07055829688424,111.84462345480205,124.36214040629359,124.36540492870377
2021-02-08,124.20140569575015,habl,0,2,8,128.85760500374428,110.02218988823844,125.58699887842715,123.93125916854976
2021-02-09,133.2121801891051,habl,1,2,9,124.20140569575015,112.66454894524304,128.56847708825998,124.40308441039119
2021-02-10,138.69363895422873,habl,2,2,10,133.2121801891051,118.07711333508236,130.4070776279425,124.80279556427676
2021-02-11,142.9993573627059,habl,3,2,11,138.69363895422873,118.30478913994088,133.59283744110684,125.34174552291708
2021-02-12,145.1437588531908,habl,4,2,12,142.9993573627059,129.50063625581615,136.85006821099614,125.59167826310068
2021-02-13,151.89932006181823,habl,5,2,13,145.1437588531908,127.07055829688424,142.38965108420976,126.59836283344066
2021-02-14,155.18743601214118,habl,6,2,14,151.89932006181823,128.85760500374428,146.78470224881696,127.67841112321574
2021-02-15,166.41650380375353,habl,0,2,15,155.18743601214118,124.20140569575015,152.32927521872193,129.0696557987773
2021-02-16,170.11430741992194,habl,1,2,16,166.41650380375353,133.2121801891051,157.75226523016514,131.4169407036655
2021-02-17,167.0423049992876,habl,2,2,17,170.11430741992194,138.69363895422873,162.13197445938448,133.84915238372687
2021-02-18,162.81618408079294,habl,3,2,18,167.0423049992876,142.9993573627059,164.31534726317943,136.2716962377749
2021-02-19,181.9393273156801,habl,4,2,19,162.81618408079294,145.1437588531908,169.66572552388723,139.80038945340638
2021-02-20,176.04556102018248,habl,5,2,20,181.9393273156801,151.89932006181823,171.591536967173,143.0104363316754
2021-02-21,178.30767140912653,habl,6,2,21,176.04556102018248,155.18743601214118,173.23020976501394,146.42471040771983
2021-02-22,175.08375322491813,habl,0,2,22,178.30767140912653,166.41650380375353,174.83849941014003,149.54567062170355
2021-02-23,159.269457942672,habl,1,2,23,175.08375322491813,170.11430741992194,174.12915418251583,151.60528785208302
2021-02-24,154.69103393146523,habl,2,2,24,159.269457942672,167.0423049992876,168.67949550567286,153.42460009165927
2021-02-25,165.64708496505,habl,3,2,25,154.69103393146523,162.81618408079294,166.59980029464637,155.23192252712096
2021-02-26,177.862359927736,habl,4,2,26,165.64708496505,181.9393273156801,166.51073799836828,157.77151260866353
2021-02-27,180.0662680577354,habl,5,2,27,177.862359927736,176.04556102018248,167.50724096493173,160.3319457613631
2021-02-28,177.9941869347667,habl,6,2,28,180.0662680577354,178.30767140912653,171.25218676335066,163.02158482331393
2021-03-01,180.33319538385533,habl,0,3,1,177.9941869347667,175.08375322491813,176.3806190538287,165.37763558305144
2021-03-02,187.4119198339591,habl,1,3,2,180.33319538385533,159.269457942672,180.73358602761053,167.81354962703796
2021-03-03,185.9659625770338,habl,2,3,3,187.4119198339591,154.69103393146523,182.35430655747007,169.96187988775438
2021-03-04,186.6919074591382,habl,3,3,4,185.9659625770338,165.64708496505,183.67943443775064,172.03928731805172
2021-03-05,188.1633153295741,habl,4,3,5,186.6919074591382,177.862359927736,185.7132601167121,173.8524870814395
2021-03-06,184.4093817187156,habl,5,3,6,188.1633153295741,180.0662680577354,186.52849738368417,175.31358436676823
2021-03-07,182.2078658022565,habl,6,3,7,184.4093817187156,177.9941869347667,185.48768657734362,176.1031524666934
2021-03-08,203.3020976443833,habl,0,3,8,182.2078658022565,180.33319538385533,188.95491359081353,177.76254197791644
2021-03-09,212.5648924308749,habl,1,3,9,203.3020976443833,187.4119198339591,194.12951058516086,180.03867134949581
2021-03-10,212.72660325701267,habl,2,3,10,212.5648924308749,185.9659625770338,199.0421681706486,182.53419230830679
2021-03-11,221.56455049991783,habl,3,3,11,212.72660325701267,186.6919074591382,206.47320192688903,184.5154534675187
2021-03-12,205.8005711334104,habl,4,3,12,221.56455049991783,188.1633153295741,211.19174299311982,186.0032039731801
2021-03-13,187.7195481192261,habl,5,3,13,205.8005711334104,184.4093817187156,208.07523308808837,186.47379780868505
2021-03-14,182.9253153720244,habl,6,3,14,187.7195481192261,182.2078658022565,202.1473176763183,186.86587591604038
2021-03-15,184.4367942103556,habl,0,3,15,182.9253153720244,203.3020976443833,196.48935586698684,188.12424272942457
2021-03-16,180.24726289589657,habl,1,3,16,184.4367942103556,212.5648924308749,188.22589834618262,189.4020541776461
2021-03-17,185.3031401406806,habl,2,3,17,180.24726289589657,212.72660325701267,184.12641214763667,190.38485693642764
2021-03-18,192.07075701785095,habl,3,3,18,185.3031401406806,221.56455049991783,184.99665392736162,191.0952767909334
2021-03-19,194.8397320125113,habl,4,3,19,192.07075701785095,205.8005711334104,187.379537255459,191.8339499886722
2021-03-20,199.8852738323949,habl,5,3,20,194.8397320125113,187.7195481192261,190.46923317986688,192.9285043335536
2021-03-21,205.3961848146581,habl,6,3,21,199.8852738323949,182.9253153720244,195.49901756361916,194.18165380509373
2021-03-22,201.62973932377477,habl,0,3,22,205.3961848146581,184.4367942103556,198.764337400238,194.89254477958454
2021-03-23,209.85319062615133,habl,1,3,23,201.62973932377477,180.24726289589657,202.32082412189806,196.0869061820404
2021-03-24,211.5493106733905,habl,2,3,24,209.85319062615133,185.3031401406806,205.66273985407392,197.329776342753
2021-03-25,222.0201838754885,habl,3,3,25,211.5493106733905,192.07075701785095,210.08972186269267,199.02261977004872
2021-03-26,223.90816691765832,habl,4,3,26,222.0201838754885,194.8397320125113,213.79211828329267,200.99755902999587
2021-03-27,236.0423000349436,habl,5,3,27,223.90816691765832,199.8852738323949,220.67463042552646,203.68928074163023
2021-03-28,239.4600437698053,habl,6,3,28,236.0423000349436,205.3961848146581,226.59600105425724,205.49717804790134
2021-03-29,226.75580539684415,habl,0,3,29,239.4600437698053,201.62973932377477,229.63729999894795,206.2067236961998
2021-03-30,221.62060496158003,habl,1,3,30,226.75580539684415,209.85319062615133,229.5573842161663,206.65142378142815
2021-03-31,226.366479056398,habl,2,3,31,221.62060496158003,211.5493106733905,230.0490466439142,206.89152020925218
2021-04-01,213.0851731872665,habl,3,4,1,226.366479056398,222.0201838754885,225.4576212743788,207.25575031194498
2021-04-02,209.99688221824903,habl,4,4,2,213.0851731872665,223.90816691765832,219.56498896406757,208.36961701689614
2021-04-03,219.4981379965542,habl,5,4,3,209.99688221824903,236.0423000349436,218.11345548400953,210.19825814812262
2021-04-04,222.52898678098657,habl,6,4,4,219.4981379965542,239.4600437698053,218.29513184789084,212.10286777665414
2021-04-05,218.67943798629744,habl,0,4,5,222.52898678098657,226.75580539684415,216.75772363387074,214.0244765311742
2021-04-06,232.12032309361072,habl,1,4,6,218.67943798629744,221.62060496158003,220.56475361513958,216.3653356788207
2021-04-07,250.99117109734885,habl,2,4,7,232.12032309361072,226.366479056398,228.76361139095957,219.31135638279562
2021-04-08,245.02080709208488,habl,3,4,8,250.99117109734885,213.0851731872665,233.86814521006568,221.82041013677426
2021-04-09,253.70956847718944,habl,4,4,9,245.02080709208488,209.99688221824903,240.10426154930627,224.51162486901399
2021-04-10,249.5217306072276,habl,5,4,10,253.70956847718944,219.4981379965542,246.27272007349228,226.7179021586425
2021-04-11,255.75470141251637,habl,6,4,11,249.5217306072276,222.52898678098657,250.9995957372734,229.42415026307953
2021-04-12,261.8699524698594,habl,0,4,12,255.75470141251637,218.67943798629744,253.17535201177552,232.02498835526495
2021-04-13,263.5636306652134,habl,1,4,13,261.8699524698594,232.12032309361072,256.88391672640125,234.62570435485614
2021-04-14,250.6133686488029,habl,2,4,14,263.5636306652134,250.99117109734885,256.26467676072394,236.05536359352186
2021-04-15,245.35599047392145,habl,3,4,15,250.6133686488029,245.02080709208488,255.4315287340627,237.127754771335
2021-04-16,240.4311436845671,habl,4,4,16,245.35599047392145,253.70956847718944,252.36681718847285,237.34719695381614
2021-04-17,248.24683060282945,habl,5,4,17,240.4311436845671,249.5217306072276,249.64219281506684,237.78653629546733
2021-04-18,244.6646962539325,habl,6,4,18,248.24683060282945,255.75470141251637,245.86240593281067,238.68198083832175
2021-04-19,245.3538342918816,habl,0,4,19,244.6646962539325,261.8699524698594,244.81049906142644,239.8686423048369
2021-04-20,245.78031881237945,habl,1,4,20,245.3538342918816,263.5636306652134,244.89536472911806,240.83933429263598
2021-04-21,244.4654337545696,habl,2,4,21,245.78031881237945,250.6133686488029,245.70222274311854,242.40834732100106
2021-04-22,231.35960429863573,habl,3,4,22,244.4654337545696,245.35599047392145,242.32477748227976,243.47648342502043
2021-04-23,242.84895422636183,habl,4,4,23,231.35960429863573,240.4311436845671,241.96162907676563,244.6440242365108
2021-04-24,241.6760494152808,habl,5,4,24,242.84895422636183,248.24683060282945,241.22607210144548,245.60137736822554
2021-04-25,263.03643220629334,habl,6,4,25,241.6760494152808,244.6646962539325,244.6772947802283,247.8192270792253
2021-04-26,262.4736842164793,habl,0,4,26,263.03643220629334,245.3538342918816,248.2789448726102,249.33689513536874
2021-04-27,283.2988626152624,habl,1,4,27,262.4736842164793,245.78031881237945,258.66679653593553,250.95227971126442
2021-04-28,267.4119771119633,habl,2,4,28,283.2988626152624,244.4654337545696,263.5794011130558,252.07183821225834
2021-04-29,274.60536759202535,habl,3,4,29,267.4119771119633,231.35960429863573,270.16526474840475,253.11662816800018
2021-04-30,272.0930291640491,habl,4,4,30,274.60536759202535,242.84895422636183,271.9765841399559,254.24519309584122
2021-05-01,285.8047544609122,habl,5,5,1,272.0930291640491,241.6760494152808,276.64279818884245,255.74769574826104
2021-05-02,280.9526552401762,habl,6,5,2,285.8047544609122,263.03643220629334,276.1735567138252,256.70183088677686
2021-05-03,285.20841435645417,habl,0,5,3,280.9526552401762,262.4736842164793,279.73284416272344,257.7840700713389
2021-05-04,286.56658858032534,habl,1,5,4,285.20841435645417,283.2988626152624,282.1250883603834,259.58173106791503
2021-05-05,286.34549914846104,habl,2,5,5,286.56658858032534,267.4119771119633,284.9755823572658,261.63120650164194
2021-05-06,286.35871158867315,habl,3,5,6,286.34549914846104,274.60536759202535,285.086373782818,263.9275848968473
2021-05-07,292.01218262331923,habl,4,5,7,286.35871158867315,272.0930291640491,287.2982792594466,266.1158524978718
2021-05-08,290.875880217431,habl,5,5,8,292.01218262331923,285.8047544609122,288.431772431642,268.4264116960467
2021-05-09,295.5973531261385,habl,6,5,9,290.875880217431,280.9526552401762,290.23792534080457,270.93858763775955
2021-05-10,278.8891146667085,habl,0,5,10,295.5973531261385,285.20841435645417,288.7466484444541,272.594027430476
2021-05-11,276.7576489136956,habl,1,5,11,278.8891146667085,286.56658858032534,286.82643590945855,274.2086381884323
2021-05-12,277.10805413004454,habl,2,5,12,276.7576489136956,286.34549914846104,283.8456102108036,276.49606068000276
2021-05-13,283.7573593363311,habl,3,5,13,277.10805413004454,286.35871158867315,282.4219060345836,278.5414809355012
2021-05-14,293.43500748309447,habl,4,5,14,283.7573593363311,292.01218262331923,281.98943690597486,281.1294288388919
2021-05-15,273.18137452847054,habl,5,5,15,293.43500748309447,290.875880217431,280.84788887832724,281.6366759550008
2021-05-16,269.9415113744221,habl,6,5,16,273.18137452847054,295.5973531261385,279.4846613704725,282.0100673128979
2021-05-17,266.366121536151,habl,0,5,17,269.9415113744221,278.8891146667085,277.3362748516939,281.1634302589423
2021-05-18,269.7737347194715,habl,1,5,18,266.366121536151,276.7576489136956,274.53954992832195,281.2815181393177
